index,sentiment
690427,0
253613,2
379756,2
696940,0
351121,1
619613,0
714705,1
231732,1
654426,0
702891,2
817513,0
137550,0
813043,0
819539,1
695985,0
416574,2
686990,1
425863,1
388593,0
361675,1
360942,2
657453,0
149532,1
871499,0
127683,1
870566,1
179955,0
890524,1
746497,2
433376,0
539373,0
751781,0
411258,2
595158,2
834231,0
728442,1
221854,1
590873,0
746586,0
263747,2
868125,0
162118,0
299336,1
453269,2
167193,0
748599,0
479383,0
457721,1
693122,1
726537,1
644743,2
424798,0
511986,0
467688,0
715539,2
900051,1
766800,0
729236,1
243653,1
924731,0
996684,1
348520,2
166570,1
93343,0
448595,1
867357,1
930091,2
206785,2
574208,2
75545,2
549833,1
819821,2
339911,0
144526,0
807938,1
182689,1
273070,0
133734,1
213668,2
381703,0
236520,1
218192,1
970002,1
674490,0
452581,0
752263,0
456091,0
726265,0
672510,0
677041,2
196861,0
463322,2
39160,0
620177,2
750844,2
76493,2
621211,2
525365,1
871529,2
856623,2
952046,1
568689,1
820318,1
610036,0
988733,1
573349,1
523966,0
672748,1
540426,0
862337,2
316938,2
16891,2
757230,1
761245,1
176282,1
482608,0
341968,1
915928,0
556522,2
470818,1
226379,2
261015,0
673560,1
652796,2
737907,0
889632,1
508873,0
500632,2
148294,0
954050,2
401754,0
543926,1
393440,2
394123,0
436888,1
655768,2
22587,1
109884,2
713657,2
786205,2
416827,0
179156,1
652260,1
802570,0
999674,2
517977,0
427562,0
320227,0
705957,2
121877,2
285189,2
542173,0
246134,2
303571,1
492550,2
693481,1
354493,2
912027,0
120383,2
325240,0
764710,0
734802,2
569016,0
822184,1
926731,0
301579,1
186463,0
355738,0
573208,1
701432,2
788835,1
353491,1
471240,2
113987,2
70996,1
11238,2
859465,1
640294,0
115838,0
253304,2
666085,2
269678,1
766390,2
971843,1
617838,0
460925,2
704088,1
838789,1
370469,1
904225,2
64234,0
475029,1
159698,1
371215,1
82873,1
613932,1
204433,0
336390,0
68770,2
270959,2
507586,2
501633,2
581754,1
618706,2
524775,1
45281,0
432441,1
317988,1
623734,1
878434,1
873186,1
557677,0
204210,0
440591,1
189147,2
506216,0
548923,0
107792,0
304986,0
400391,1
50810,1
9855,2
399646,1
612267,1
98012,0
23824,2
960326,0
628477,1
354799,1
293662,2
916341,1
259100,1
45315,1
325728,2
848308,1
928500,1
172197,2
972942,1
958561,0
52596,2
993317,0
485575,1
144568,0
570822,1
613006,0
218424,1
813888,1
917786,1
506630,0
454791,1
861950,0
806620,2
298923,1
680272,2
474513,2
551493,2
572317,1
608580,2
453582,2
283018,1
197832,0
400774,0
361474,0
140431,2
468180,1
739102,2
633662,1
612472,0
48284,0
182425,1
973803,2
781514,1
947002,0
22924,2
527112,1
23438,2
199492,1
152981,0
472688,2
341213,0
630603,2
964375,2
873622,1
331324,2
466388,2
722193,1
377560,0
165043,1
629273,0
11287,2
669018,1
343104,0
854717,2
141931,1
472217,1
650206,1
684901,0
621889,2
611543,1
350771,2
589607,1
516341,0
132382,0
263879,0
847540,2
767958,1
969604,2
421201,2
870159,2
761484,1
993640,2
912601,2
84317,1
499175,2
255122,2
60189,2
220611,2
320102,0
646321,1
330397,2
223919,2
825842,1
693912,1
801415,1
734229,0
427328,2
212436,1
948587,0
846537,1
394049,0
18744,0
571891,1
364121,1
533935,1
714724,2
80277,1
424134,2
365817,0
945822,0
499555,2
259962,1
776366,1
904322,2
398547,2
32807,0
914684,2
531797,0
241609,2
532086,1
819647,1
520920,0
904755,2
511956,0
281190,1
4576,0
349671,2
467031,0
362465,0
379927,2
736353,1
116336,0
958188,1
90429,0
996694,1
731639,2
342091,1
664757,1
806826,0
986718,0
328955,1
958665,0
771034,2
629167,0
996140,2
199789,2
35255,1
829087,2
691218,1
582059,2
68531,0
315405,0
152662,0
236603,1
148272,1
741815,2
915114,0
568260,1
989436,0
737952,2
831702,0
725592,2
298200,2
93510,1
54105,2
876435,0
297956,2
240238,2
24616,2
596066,0
972108,2
516059,1
387452,2
463070,2
232936,2
245499,2
521932,0
383910,1
515508,1
176523,2
775839,1
46558,1
224288,2
182514,1
397003,1
994812,1
245873,2
420895,0
944077,0
308695,0
355616,1
334179,1
269538,2
657362,1
723881,2
396160,2
946964,0
61808,0
954999,1
929089,1
88956,2
31834,2
719491,0
649809,1
440533,0
498574,2
360518,0
514983,0
253270,0
534890,2
318375,0
836193,1
517136,1
302741,1
282148,2
201946,0
572425,1
926867,0
197904,0
4656,2
52616,2
50635,1
266865,0
602160,2
648792,2
88417,1
192077,2
557877,2
61742,2
54740,2
338624,2
132983,2
617156,2
613182,0
712729,0
245803,2
79896,2
686944,0
637549,1
406627,0
519308,1
32876,1
679009,2
690485,2
952287,2
576367,0
68154,0
863152,1
354141,1
493446,0
694230,2
157704,2
223155,0
625448,2
759613,0
574070,1
199899,2
293573,1
37224,0
149950,0
475073,2
630522,0
7331,1
583729,1
15321,1
47119,0
263267,0
655395,2
58481,2
868830,0
48278,1
966169,1
201922,0
813726,0
124184,0
615742,0
324743,1
838431,1
250623,1
164189,2
56862,2
11908,0
738994,0
798025,1
823454,1
465992,2
854371,2
682883,1
464524,1
311214,2
236650,0
793032,1
3200,1
864946,1
994156,1
574460,1
665116,0
245703,2
65319,1
301381,2
407950,2
358414,2
917594,2
545334,2
548971,2
676531,2
679325,2
785835,0
660659,2
325904,1
7893,1
176625,1
328787,0
590768,1
873046,2
382349,0
656558,0
95564,0
472104,1
246014,0
939632,0
217874,2
952301,1
844802,1
981184,1
933239,2
733541,1
488133,2
587563,0
928884,0
223445,1
821883,2
705085,2
609187,2
500485,0
195127,1
597675,0
954287,2
782837,1
302647,1
290381,0
57972,0
164832,2
837791,0
676882,2
627304,1
424419,2
257882,1
917981,2
941066,0
411411,1
157034,1
769031,0
610845,1
379486,1
303506,0
764525,0
746482,0
198739,1
742937,2
910109,0
188471,1
118025,1
485959,1
133776,1
55790,1
874853,0
478822,2
81121,0
228051,1
286892,2
754417,0
766867,0
188139,0
719436,2
99482,1
332929,0
910993,0
646523,1
551068,2
932327,0
841377,2
185008,1
685946,2
983132,1
680211,0
135860,2
695497,2
374321,2
39178,1
409264,2
819449,1
106099,1
194310,2
138106,0
792810,0
277662,2
163981,2
261016,2
5971,1
876218,2
47291,0
341903,0
522452,0
600377,0
70853,1
639813,0
673464,1
527253,1
464652,1
890264,0
6787,2
843264,2
793691,1
877426,1
720808,1
979803,2
952921,1
630664,1
29397,2
374676,1
811827,0
454628,0
179184,1
96971,1
445746,2
781109,0
859,2
755863,0
749230,1
159152,0
156432,0
676605,2
686275,2
604803,0
404616,0
125170,2
694456,2
274601,1
49535,0
692838,2
384056,2
545299,2
981053,1
732764,2
980420,0
833066,2
52686,1
77502,0
405064,0
568130,2
551306,0
432019,0
390496,0
875187,2
914956,1
730885,0
428620,1
634563,0
791940,1
151759,2
121833,1
651006,0
687323,2
480294,0
66494,0
690743,1
456100,1
387001,1
484617,2
345828,1
492932,0
913002,1
508350,0
482801,1
729861,0
826621,2
273857,1
549303,1
56538,2
565093,2
961094,0
207997,2
799449,0
748492,0
651753,1
627464,2
776994,2
27784,1
968846,2
61177,2
612906,1
977639,1
298716,0
784315,2
449195,0
548684,0
821394,1
67051,1
373078,0
587370,2
943527,2
498108,2
345844,0
856067,1
178349,2
596155,2
464437,1
181849,1
880366,2
477679,2
136424,2
214950,1
982578,2
258952,1
460754,0
769555,1
968800,1
944340,1
821648,2
268438,2
610783,0
130288,1
556247,0
640960,1
598148,0
953650,2
166377,1
16931,1
938294,2
878475,0
704115,0
64990,0
779135,1
632056,0
167752,0
405810,0
820328,0
146369,1
740129,1
181318,0
304649,0
414670,2
441693,0
726807,1
741435,1
370093,1
95497,2
399614,0
400981,1
579763,2
976452,2
387732,0
226663,1
468223,0
822916,1
311014,1
932078,0
581616,0
755842,1
964205,2
869731,2
235890,0
60161,2
933958,1
480876,1
613898,2
914915,2
318412,2
432172,1
641633,1
124120,2
546074,1
913439,1
861893,0
417421,2
33664,1
372400,2
581427,0
18920,0
429926,2
170722,0
168800,0
267749,2
174115,2
974541,0
526078,2
237227,2
285213,1
209130,0
903991,0
964094,0
606692,1
44319,1
136667,2
352054,0
291644,2
654780,1
321402,0
250904,2
239162,2
666852,2
485810,2
506386,1
545111,1
31320,2
430804,1
342259,1
236562,2
848864,1
112286,0
875070,1
754063,2
246883,1
440971,1
56203,2
675831,0
322951,2
464873,2
565034,0
39793,2
650385,2
205496,1
725961,2
980960,0
233831,0
893304,0
936177,1
881060,0
781487,1
299208,2
569655,2
515199,0
659883,2
928470,2
734314,1
70825,0
339950,0
129648,2
366316,0
679767,0
424382,0
554618,2
204737,0
13349,0
479812,0
750609,2
532545,0
35141,0
49247,2
304481,2
264395,0
249993,0
418134,1
212185,1
263011,2
866888,0
374803,2
692057,0
690209,1
187553,0
307324,2
788629,0
63637,2
384531,1
82323,0
706615,0
293080,2
233798,1
16747,2
301895,1
397793,0
920201,0
719210,2
633056,1
514753,0
641875,0
609561,0
228596,1
764050,1
837614,1
797496,0
572528,0
97327,0
319511,0
613894,2
856390,1
474250,2
355850,1
207033,1
479050,0
506006,1
484547,0
349051,0
387420,0
554168,2
71145,0
395212,0
595196,1
972042,1
499878,0
52868,2
535654,0
974440,1
842271,1
89161,2
439960,2
356407,0
971830,2
763921,0
799075,1
772592,2
697556,2
726968,2
845757,0
11963,1
513690,1
835524,2
544945,1
999810,1
551397,0
176191,2
67728,0
431865,0
364698,2
779458,0
476424,2
601019,1
410044,1
646074,0
166291,0
941168,1
909149,1
759368,2
546643,1
924713,2
363369,1
121505,1
9588,1
280033,1
832719,1
632934,2
432322,2
46076,1
845621,0
76605,2
262937,1
884926,2
865806,1
22977,1
764751,1
906478,1
157437,0
474051,2
558778,2
484752,1
105753,2
357530,0
20082,0
509023,1
792090,2
656419,0
100708,0
799511,2
949974,0
489836,0
46078,1
315669,1
329928,2
480723,1
761182,1
92978,2
427016,2
425010,0
441233,0
512291,1
330091,1
109837,0
711401,1
25788,1
864044,0
680184,1
727956,0
484558,0
728504,0
209043,0
390336,0
48953,2
1701,0
174262,1
199146,0
591338,0
418642,2
204098,0
389903,1
489630,2
30206,2
202956,0
993790,0
303161,2
132563,1
711682,0
268340,0
680346,1
369066,0
602857,2
892614,2
340326,2
83477,2
364809,2
876217,2
108648,2
402705,1
482574,2
521274,0
957197,0
191274,0
964247,1
186182,1
708471,2
515336,2
850217,0
543273,1
414077,0
186304,2
135451,2
748713,2
840584,0
610877,1
216184,2
330372,0
832860,1
429754,1
754265,0
342611,2
941510,2
883670,1
184469,1
718433,1
132652,1
518092,2
836031,2
554368,2
381610,1
67374,2
537184,1
570412,0
651378,1
505615,2
387729,1
628223,1
506320,0
337465,1
608382,2
861623,0
112083,0
655802,1
760860,2
562530,1
352338,0
240820,1
813852,2
792680,0
845429,1
664564,2
639030,1
450931,2
928727,0
504412,2
909792,1
143654,0
702546,0
640902,0
705443,1
612565,2
990196,2
572193,1
952548,2
435518,1
546686,1
151886,2
635798,2
117858,1
304612,1
959810,0
591855,2
695021,0
672788,1
13957,2
74596,1
559982,2
683440,1
824830,1
372418,0
308093,2
725168,0
564056,0
730848,2
141301,1
940810,0
213837,2
82972,2
604522,0
429032,2
669252,0
936427,2
458922,0
916871,1
757636,2
30574,1
292345,1
905055,1
523485,0
501453,0
657389,0
617850,2
934711,0
525507,1
133877,1
722125,2
554371,1
271354,2
266612,2
824605,0
576844,0
376518,0
396078,2
719068,2
148062,1
367506,0
763430,0
481244,0
312508,2
143420,2
40917,1
945542,0
251235,1
431402,0
859209,0
453836,1
408096,1
733834,2
759335,0
346862,2
567270,2
583534,0
228649,0
227316,1
815738,1
864782,0
387408,0
222516,2
686533,0
268373,0
388069,1
773043,0
46732,2
49284,2
259482,1
715152,1
107482,0
640611,0
461788,2
523979,1
595446,2
923826,1
175177,2
683601,0
368708,1
796490,2
833467,1
681294,1
165632,0
900682,2
505836,2
786952,2
887582,1
324854,1
218619,1
420344,2
576569,0
332400,1
71452,0
624264,2
217651,2
333969,1
136,2
827513,1
660551,1
277608,0
887270,0
293298,2
599353,2
158353,1
870224,1
822892,1
104253,1
743876,1
577137,2
173678,1
253262,0
316427,0
12725,0
131612,1
398843,1
707645,1
918996,1
42901,1
29788,1
141148,2
17106,2
333812,2
716022,2
996265,2
505151,0
150116,2
344110,2
681867,2
197469,0
84555,0
915179,2
717544,1
284235,2
914457,1
770893,2
441183,1
806608,0
775892,0
846832,1
864142,1
267698,0
44291,2
878398,2
147216,2
576886,1
341389,1
784325,2
498757,0
965276,2
723304,0
364369,0
387686,1
671146,1
979145,0
552312,2
486088,2
4551,1
547514,2
36710,2
458420,0
487667,2
272612,1
906387,1
682794,1
974997,2
126073,1
961171,2
654419,1
773439,0
67709,0
735605,1
29975,1
63837,0
515466,2
842164,1
369866,2
355522,2
296820,0
921349,2
546891,1
63245,0
371002,1
42834,0
734402,0
900836,2
327683,2
821299,0
656795,0
93142,2
980322,1
569397,1
620121,1
580939,1
112051,1
60807,2
246103,2
142738,2
619395,2
216625,1
470493,2
994871,1
221429,0
382465,2
158027,0
970690,1
281531,2
539595,0
102711,0
155866,0
852085,0
211507,2
258421,2
750866,2
374044,0
136681,1
472831,1
631015,1
847131,1
527084,1
121911,1
944445,0
522104,0
261374,2
664117,0
860805,1
564468,2
121271,2
501072,1
477222,1
100062,0
34033,1
57594,1
490104,1
9477,1
604134,2
722306,1
60132,2
533521,0
468907,2
352025,0
791280,0
60027,1
286436,1
149463,2
463452,1
140647,2
526908,0
503480,1
961050,2
791060,0
24389,1
472069,2
248028,1
374508,2
506557,1
555378,0
366913,1
565257,1
714804,2
49908,0
668414,1
420172,1
598363,1
334043,1
227573,1
410469,0
179394,0
871621,2
221186,2
356299,0
799706,0
992743,1
13927,0
786101,1
309968,2
770454,1
643778,1
588976,1
907558,2
485888,1
417487,0
291386,0
444031,1
143178,2
321546,1
571634,0
135952,2
297036,0
724857,1
630051,1
692414,0
210360,0
324741,1
90241,2
313709,2
770925,1
622820,2
74069,1
29146,1
102130,1
557031,2
928746,0
217558,0
589869,2
622905,2
377312,2
582356,1
920967,1
915986,2
68140,0
89658,2
722719,1
52307,1
75231,0
85729,1
120831,0
234550,1
343493,2
991932,2
477096,2
851029,2
25912,0
462505,2
11346,0
737578,1
455046,2
925683,1
62591,0
836452,2
724524,2
270237,1
338786,0
999528,1
996912,1
5307,1
272274,1
551628,0
902103,2
386251,2
536770,0
112176,2
393501,2
756612,1
197455,0
43598,2
390975,0
767953,1
311873,1
438031,1
598473,1
66768,1
846896,1
803606,0
61627,1
379874,2
745182,0
63666,1
884130,1
2373,1
193923,1
554393,0
923946,2
880402,0
477752,1
279938,2
893654,2
653522,2
409806,1
249130,1
87342,0
821501,2
408408,1
967153,0
98400,2
419619,0
415261,2
580190,0
229008,1
629960,1
440564,2
81931,1
973499,1
476501,1
287319,0
95678,2
351189,2
257327,2
440788,2
854217,1
716086,0
597580,0
231252,0
641259,0
382253,1
565756,1
293780,1
784601,0
642974,0
56051,0
341625,0
766358,1
832341,1
988633,2
378295,0
463397,0
995852,0
438165,1
895651,0
96131,0
711283,0
241775,1
21894,2
70741,1
352221,1
541450,1
447088,0
777872,1
991498,0
293997,2
449633,1
974252,1
493378,1
964523,0
504825,1
665843,0
897815,1
959038,0
726952,2
316109,0
860170,2
242978,0
269065,0
176818,0
234891,2
505294,1
66587,2
842703,1
582496,0
437772,0
6005,2
923733,0
980334,1
349843,2
38434,2
525717,1
601608,2
84707,1
205439,0
63180,2
551170,0
657105,2
754334,2
417318,2
230061,0
829716,0
437812,2
222456,1
270076,0
100334,0
408224,1
888122,1
223801,0
305094,2
408510,1
641631,2
386014,1
503039,1
908746,0
845011,0
617398,1
263369,2
558329,0
530659,1
555468,0
614892,0
294475,2
763799,2
222982,1
381488,1
527821,0
72448,2
238657,0
860522,1
536219,1
996381,2
773053,1
916041,0
105349,0
117101,1
849208,0
550773,0
786311,2
748686,1
382136,1
231790,0
498651,2
11049,2
561315,2
665052,2
249239,0
917297,0
454323,1
896860,2
989048,1
839396,2
640455,0
694578,1
725874,0
423998,2
271171,1
780876,1
412995,1
228293,0
323961,2
87058,1
333632,2
358343,1
648609,2
681909,2
755669,1
666024,0
6870,1
354299,0
970902,0
724682,1
418995,1
998082,0
872746,0
596916,2
160868,1
780600,1
900545,1
766197,0
85759,1
344750,2
696220,1
274786,0
468446,0
163330,2
453480,2
474900,1
419102,1
989215,0
622673,0
564515,1
664077,1
390224,0
725203,1
766764,1
520887,1
491958,1
67723,1
398670,1
426424,2
452309,1
337503,2
306931,1
301820,0
434951,0
982603,1
778360,2
18656,1
863768,0
650113,2
202326,0
634246,0
291670,1
609357,1
914976,1
449053,1
554623,0
11863,1
699590,0
281688,0
318764,0
503110,2
313184,2
893156,2
633664,0
229787,2
693397,0
863519,2
268750,2
607809,1
136243,1
234080,0
745908,1
89112,2
797684,1
270490,0
976957,2
647893,2
777833,2
227279,0
928381,0
912532,0
542531,0
782978,0
55373,1
112507,0
382968,2
782062,0
262222,2
102115,1
207568,1
115144,0
685167,2
387896,0
263241,1
782875,2
614559,1
724387,2
687478,1
981836,1
736705,1
323516,0
63700,2
359464,2
708716,2
263109,0
242991,2
771775,2
698119,2
195909,0
885435,1
550874,0
836570,2
365157,1
88709,2
490953,1
269613,2
991021,1
896252,2
917168,1
288921,2
639369,0
608771,0
500478,1
375440,0
832892,1
373952,2
66738,0
127184,1
473966,1
939447,1
14869,2
402253,0
628062,0
226595,1
198102,1
152318,0
237423,0
114532,0
761231,2
663797,1
367086,1
341039,0
7840,1
482112,0
945049,1
279112,0
859720,0
376675,1
17974,0
506009,1
697046,0
186436,1
426150,1
724703,2
312431,0
791307,2
163683,1
871951,0
948161,2
975952,0
736627,2
307124,1
394083,0
43295,0
469024,2
231476,0
39627,0
675767,0
900419,0
558178,0
860864,1
872975,0
231284,2
681834,1
426995,0
142862,1
516958,1
604023,2
692880,2
661986,2
520627,0
75030,0
660223,1
973764,2
836412,2
41826,1
816643,0
422706,2
323471,2
67061,0
702331,0
402452,0
299231,0
561701,1
830613,2
879163,1
574336,2
872371,1
482407,2
436520,0
935151,0
136056,1
438551,2
514122,0
508150,1
98529,0
52540,0
564431,1
202580,1
100538,1
905723,0
84692,1
81657,0
756604,0
593568,1
991359,0
570360,0
792297,1
284563,0
620288,1
854224,0
492875,2
722648,0
754538,0
557907,0
585862,0
2755,0
440673,2
906983,0
961200,2
978191,1
547039,1
293501,2
492257,0
662207,2
768297,1
129586,2
544829,0
403539,0
547380,2
821155,2
849187,2
491956,0
400516,1
865702,0
822595,1
32958,2
947719,2
849281,2
339885,1
607294,2
813646,2
710281,1
434362,2
579106,2
185080,1
572932,2
822165,1
145374,1
153090,0
71411,1
847443,0
677144,2
123074,0
729703,2
262876,2
679033,0
327037,1
552815,1
500831,2
205541,2
286531,0
605195,1
788365,0
941869,0
569064,1
688304,0
671505,1
479960,1
176717,2
513203,0
825553,2
537401,1
898704,0
503575,1
167933,1
757254,0
626926,2
421709,2
431435,2
25535,1
891780,1
853654,0
339003,2
803106,1
931683,0
332866,1
158919,2
396913,2
667398,0
954628,0
902686,0
379699,1
815375,2
255874,0
813909,2
708759,2
175093,2
222384,2
969772,0
912632,0
129232,2
476549,1
402842,1
532140,0
73183,1
234434,1
496457,0
487098,0
56647,2
757831,0
199927,2
844137,1
102156,2
127016,1
730054,1
297944,2
416282,0
187992,0
189299,2
508280,1
391472,2
29721,2
343238,1
426187,2
300890,2
750192,2
281815,0
371287,2
136615,0
4064,2
32607,0
322421,2
212710,2
786556,2
543970,1
683534,2
195438,2
566113,1
768695,2
352731,0
5745,2
888612,0
538753,2
692405,1
748853,1
668389,0
658229,1
870207,2
369420,0
612447,2
573235,0
608171,2
604032,2
7884,0
560090,2
626534,2
976516,2
483274,1
988046,2
4864,2
60433,2
400917,0
314739,2
644783,0
238324,1
466836,2
173305,1
74590,0
979031,0
109436,1
924735,0
366568,1
716548,0
539404,1
908894,2
972018,1
920024,0
769002,2
362443,1
71123,2
841265,0
152230,0
824193,0
826753,1
843779,1
572071,2
611899,0
881547,0
306699,1
52815,1
230448,1
218471,0
367451,2
345446,0
339508,2
43019,0
340252,1
262734,0
202323,2
870826,0
679621,0
452607,1
947332,1
582350,0
357447,1
865665,2
14451,1
928695,2
708072,1
63145,0
385647,2
741221,1
528544,2
252221,2
760719,1
146919,1
307975,0
924165,2
274980,1
630927,2
282651,1
675887,1
784747,1
711835,2
98844,0
389852,2
80961,0
410540,0
612320,1
582568,1
111102,0
393005,0
923279,0
340292,2
970592,1
807469,0
700843,1
939820,0
963837,0
696018,0
242468,1
179932,0
892509,2
795655,2
559980,1
616175,1
811132,1
195404,2
815825,0
267940,0
445347,2
367647,0
693153,1
107801,1
330869,2
265039,1
391223,0
66485,0
766330,2
546356,2
967992,0
943848,0
125247,1
157530,0
932504,2
860991,2
855019,1
666014,0
255452,1
152597,1
3185,0
430829,2
842306,2
605404,0
605613,0
777582,0
673295,2
944417,2
566754,1
933855,0
319385,1
535286,2
908057,2
591371,1
400849,2
319124,1
772598,2
437325,0
389713,0
468602,1
515113,0
332372,1
385023,1
97896,2
954601,2
523634,0
288041,2
820047,1
406087,1
968447,0
836388,0
605913,1
723805,2
910949,0
622222,1
718900,0
621278,2
762027,0
788567,2
723433,0
344159,2
567275,2
171734,0
225535,1
66936,0
294338,1
328456,2
86491,0
522097,2
723916,1
785825,1
789634,1
297205,1
299476,2
550109,2
609307,0
63929,1
971882,0
989430,1
481923,1
877381,2
622712,2
783644,1
737061,0
109568,0
265426,1
713973,0
146145,1
385011,1
723732,0
881295,1
328450,0
771847,0
79439,2
917945,1
713347,2
213129,1
981722,2
449469,1
308948,1
454405,0
32132,1
528046,2
174265,0
822904,2
986258,0
546395,2
526347,2
738879,2
71406,1
22499,2
149593,2
454701,0
303448,1
284524,0
722991,1
716721,0
51253,2
482968,0
306172,2
181646,0
33170,2
603515,0
292746,2
294560,2
683803,2
652490,2
65509,0
708779,1
80583,1
338941,2
944770,2
291619,1
177736,2
280527,2
832414,2
320208,1
179227,0
462504,1
928193,1
999131,2
940548,2
964755,2
388239,1
298161,2
537492,1
828195,2
900256,1
343974,1
496967,0
211049,1
252874,0
144905,0
842321,1
659528,2
272592,2
610651,0
769764,1
609772,1
269995,1
77108,0
63248,1
923089,2
688088,1
399809,2
906958,2
860552,0
577307,1
549529,0
498014,2
947352,2
259655,0
481364,1
11478,1
865109,0
861526,0
86051,0
230227,0
565731,2
445209,1
206369,2
629337,2
211254,0
312178,1
113006,0
662559,1
473131,2
845977,2
541736,2
398894,2
688602,0
268608,0
333694,2
514703,0
92190,0
394863,0
993302,2
855889,1
59826,2
419793,1
803036,0
118633,2
294416,0
105423,2
762765,1
585019,0
373594,2
481712,0
752458,2
27703,2
603633,1
982503,2
913346,1
377929,2
64096,2
106200,1
412007,0
439046,0
678850,0
663725,2
295529,1
403372,2
684855,1
582748,1
348808,1
283867,0
189781,1
450417,1
959650,1
951974,1
142263,1
533331,0
652135,0
581118,0
475760,2
112012,0
367386,0
86299,2
488459,2
656821,2
800934,2
270766,0
485725,1
599730,0
46870,1
244941,0
550423,0
364214,0
116470,0
323863,1
639403,0
523990,0
932766,0
589937,2
787376,0
687449,2
486987,1
4283,2
412839,1
146844,0
431294,2
885410,2
518696,0
664615,1
221830,2
832113,1
339894,2
961127,1
732571,1
669368,0
836973,0
302411,1
363802,1
16944,0
331321,2
450533,1
132585,0
851899,2
698524,2
405046,2
459803,2
884047,2
938115,2
28305,0
81109,0
547019,0
227161,2
98507,0
947928,1
132216,2
699102,2
536294,2
464550,1
923932,0
679930,0
982028,0
252962,1
591250,1
717997,0
918617,1
326142,2
209757,1
734628,1
26207,0
144137,0
951433,1
812379,1
170253,0
780169,0
343249,0
206179,2
673990,0
756631,1
591040,1
594005,0
602616,2
502184,2
368141,1
452440,1
230496,0
450819,1
206476,0
704066,1
337151,1
507578,1
617938,2
989196,0
900168,0
139076,0
528536,2
692286,2
613097,2
347620,1
613485,2
823104,2
363342,2
784510,0
52549,2
370978,2
189970,0
392158,0
756759,2
307863,0
765537,2
311670,2
182422,2
289649,2
367223,1
410277,1
484064,2
265855,0
374851,0
700785,2
994882,1
309292,0
763555,0
894365,2
720872,0
974338,0
589101,2
306082,1
66137,2
398819,2
532075,1
41779,1
790905,2
411641,2
235567,1
64417,0
513132,2
937495,1
188981,2
505675,2
780568,2
658393,1
466396,2
416798,2
354353,2
648267,2
248034,1
448055,0
532333,0
580644,0
882331,1
551106,2
949728,1
9259,2
981562,0
624985,2
915356,2
175096,0
378503,2
163203,1
630923,0
295655,2
754449,1
341211,0
774528,1
865040,2
126198,0
29687,1
933850,1
52705,0
460449,0
281649,0
127307,0
333503,2
224638,2
250793,1
71155,0
233783,0
967214,1
775100,2
296309,1
890090,1
64225,2
751743,0
239155,1
231671,1
60947,1
488839,1
952873,0
792260,0
380811,2
319582,1
891964,0
143634,2
555652,2
325267,2
926875,0
46228,2
479120,0
663598,2
828619,2
192398,2
249157,1
227449,2
792976,1
762962,2
287438,1
911677,0
420137,0
37386,2
938686,2
11171,1
803141,0
416489,1
889024,0
163751,0
250217,1
154500,0
229475,0
666861,0
546280,0
972536,0
938075,2
640077,1
668815,1
835549,1
802195,0
546462,2
88303,2
425939,2
571498,0
388371,0
291429,2
134785,2
12853,0
741496,0
995284,1
42238,1
187420,1
228609,0
288681,1
669618,2
547331,1
432770,1
851358,1
118483,0
842921,0
437644,0
99613,2
72072,1
774194,0
431661,2
101496,2
691900,2
39339,0
484436,2
335516,0
634336,1
78816,2
361257,1
496324,2
2526,2
637436,0
92339,0
386684,2
584575,2
88804,1
190162,1
691343,1
551254,0
467074,0
352332,2
802121,2
667352,2
53360,1
828588,2
940299,2
543123,0
929869,0
263988,1
384731,0
44046,0
521485,0
151008,2
976038,2
178420,2
147474,1
43723,1
34317,0
527223,0
651031,2
134492,0
453179,0
527339,2
16138,0
851387,1
371018,0
116471,0
708618,0
589797,1
595553,2
288278,2
740817,1
597836,2
813037,0
311911,1
931135,2
706774,0
307743,1
880704,2
334969,0
115108,1
784801,1
334819,0
478558,2
919952,1
468139,1
49790,0
887909,2
887316,0
542125,1
865658,2
351749,1
151247,1
162267,0
473696,0
360902,1
440278,0
731265,2
679226,0
387525,1
519180,2
928213,0
92306,2
468742,2
192161,1
843515,1
183999,0
479550,2
812292,0
648262,0
614878,0
60411,1
517212,0
706327,0
38409,0
802634,0
431582,0
290363,0
661519,1
225211,2
741952,2
517205,0
854076,1
304211,1
942780,1
886895,2
656644,1
616930,1
211150,2
496918,2
648060,1
27943,2
698557,2
25811,1
175264,1
773763,2
781317,2
951571,2
106510,1
600690,0
52138,1
571617,0
250115,2
193805,0
65716,1
654205,2
663782,2
24537,0
838348,0
691414,1
28154,2
682252,2
390259,0
794489,0
974495,0
241808,0
263031,1
838724,0
89883,0
866259,0
641107,0
679389,0
830085,2
460204,0
742493,1
853588,2
398672,2
975750,0
323336,0
6449,2
80813,1
148558,0
467401,0
125198,2
675076,2
452626,2
919526,2
645473,0
878967,0
745279,1
514357,2
446551,2
131036,1
632465,1
85038,1
590455,2
619192,0
941220,2
353241,1
128,1
448794,1
386903,0
841160,0
298452,1
974441,2
765302,2
781913,0
694193,2
424629,0
741054,1
514674,0
2980,0
509007,0
663082,1
200993,1
960599,1
106215,2
282572,1
550059,1
375303,1
50250,0
441343,1
597216,1
712232,2
62394,1
187503,0
497195,1
530322,1
633747,0
217397,1
395924,2
102318,0
378028,1
548725,1
616277,0
743497,2
392638,1
590734,1
676166,1
330461,2
361977,2
961686,0
965943,1
884491,0
507647,1
864684,1
861108,2
194103,1
293369,1
611832,1
39962,0
613698,2
399571,0
159360,1
486670,2
781326,1
201927,1
627412,0
879084,1
277427,2
482714,0
689404,2
280584,0
289919,0
100052,1
349658,1
213337,0
865580,2
463832,0
730270,1
503807,2
799134,1
43724,2
921886,2
456821,1
994203,2
253302,1
84528,1
952811,1
275002,2
454910,0
759167,0
769790,2
649758,2
228227,1
459402,1
602925,0
852293,1
469190,1
667567,2
623538,0
113856,2
57055,2
643512,1
435542,0
297019,2
848648,0
920837,1
990279,0
391301,2
496813,1
155814,0
963529,2
850825,1
972292,1
628771,2
352571,2
74991,1
148134,0
324929,0
119898,2
667024,1
466393,0
570026,1
54965,0
118354,1
236312,1
639208,1
839639,2
477710,1
861520,2
659760,1
49979,2
757654,2
140344,1
752814,0
916301,1
183673,2
308620,1
102812,2
234936,0
420484,2
365706,1
687801,0
33208,0
738029,0
106667,2
922026,2
179856,1
43678,2
283143,1
18674,0
441176,2
615270,0
333247,1
866928,1
570112,1
784189,0
160762,1
98922,0
176373,0
950228,2
13491,2
161867,1
356432,1
348125,1
880505,0
441348,1
131424,1
368525,1
586864,0
982711,0
750437,2
48215,2
980348,1
442123,2
70799,0
857438,2
487709,2
251148,0
170671,2
428116,1
335742,1
46543,2
628730,2
131756,0
866591,2
442571,2
119925,0
207387,0
772747,0
381367,0
57669,1
241034,2
421128,1
454728,0
849699,2
233546,0
787428,2
634085,0
547453,1
146681,1
901828,2
194499,1
359,1
886160,2
609027,0
358184,2
854991,1
576570,1
936042,2
565321,2
413361,2
233703,1
650036,1
623423,1
663936,2
883253,2
466619,2
497487,0
3996,1
843840,0
675565,1
738850,0
54272,0
567000,1
411308,0
16463,1
271762,2
550125,2
112097,2
450263,2
969786,0
232626,1
46989,1
846111,1
434620,1
659840,2
691374,0
511903,2
791687,1
842917,0
971162,2
246670,1
185450,0
770517,1
808110,1
835290,2
270416,2
482894,1
188452,1
861333,0
212132,1
384754,2
492657,2
457547,2
267214,2
811724,2
534731,1
99824,1
428983,1
715971,2
462667,1
862642,2
922088,0
176916,2
194671,1
387123,0
461314,1
451024,1
223532,0
116650,1
564236,0
41488,2
786634,0
424234,0
282554,2
351632,1
884111,0
372880,0
789361,2
873877,2
202214,0
276108,2
887052,2
762055,2
851951,0
50025,0
223625,0
446231,0
425445,0
809721,0
654626,1
406191,1
464912,2
123311,1
714825,0
247416,0
278895,2
841813,0
555309,1
402854,0
779395,0
181322,0
343241,1
59062,1
736579,0
172097,0
385513,2
616795,2
939519,2
899252,1
185550,0
206473,1
96312,2
364890,1
341296,2
487216,2
176142,0
87607,1
614392,2
404109,0
732455,1
148808,1
955061,1
357300,1
67143,2
277325,1
902437,0
262804,0
81488,0
732628,1
644339,1
548454,2
780511,2
405156,0
868509,0
239569,0
328490,0
848199,0
390349,1
375196,2
813296,1
972640,0
64203,1
566498,2
594455,2
257403,2
611283,1
582830,2
973653,2
293487,1
75886,0
84906,2
314718,0
760458,2
316406,1
94836,0
652485,2
716502,2
170087,0
578449,0
453329,2
161197,0
745005,0
696304,2
589596,0
960740,1
183388,1
817314,2
486160,1
201433,2
530524,1
933735,2
508606,0
835980,2
558714,1
647774,0
931868,0
288985,1
144195,1
860665,2
315204,0
394648,0
893981,2
938513,2
40529,0
556539,1
585380,2
245040,0
578026,2
565410,2
597961,1
853899,1
642473,2
535133,2
15603,0
656250,2
517883,2
872657,2
460357,1
308564,1
529655,1
321587,2
426240,1
641714,2
975739,1
938060,0
289771,2
580184,0
311721,2
989159,0
992922,0
372427,0
683856,1
910240,2
605308,2
491188,0
328491,2
243338,0
659653,1
645812,0
710210,0
953160,0
372138,1
577747,2
177986,1
886227,2
212929,0
125799,1
931368,1
185336,1
248422,0
824171,0
919420,0
745984,2
970496,2
183658,2
812821,2
867923,0
305168,2
510492,1
44349,0
349917,2
756708,1
164222,0
497927,0
311826,0
427765,0
457611,1
842325,2
849964,2
963444,0
816314,2
632711,2
350616,2
764790,1
108669,2
84814,0
745578,0
949576,0
249606,0
115998,0
622799,0
468485,2
803763,2
521615,0
289342,2
254878,0
517465,1
355065,1
785665,2
313885,1
810717,1
351111,1
475247,0
781765,1
937003,2
17123,2
353656,0
50663,1
69093,0
255973,0
196412,1
832396,2
332498,2
285073,0
791283,0
742503,1
330381,0
691797,2
176513,0
555539,1
603905,1
119173,0
313846,2
602800,1
291846,2
207963,0
150721,0
532753,0
633971,0
336562,0
655772,2
442876,1
74594,0
814724,1
31429,2
954899,0
349642,2
171298,0
121041,0
377683,1
973345,1
964477,0
427279,0
975904,2
33167,2
402368,2
499916,1
525117,2
546321,1
635700,2
985292,2
17411,1
84309,2
932438,2
714158,1
597956,2
278903,0
719988,1
990264,0
71781,0
825956,0
611393,0
726298,2
633314,0
918423,2
15741,1
970025,2
266121,1
371378,0
775824,1
637282,2
303024,2
828413,1
756062,0
385414,2
519349,0
877513,0
207625,1
205854,1
872046,1
383188,1
232259,0
781240,1
236752,2
237819,0
182871,1
890658,1
685793,1
177855,2
426403,0
424691,2
971526,2
425348,1
777863,2
332084,2
300884,1
154532,2
588790,1
894896,2
734856,2
650103,1
771575,1
49615,1
735565,1
551322,0
393053,1
194962,2
489004,1
705703,2
684034,2
323824,0
467768,2
852138,0
689314,1
384954,2
967696,2
74161,1
576772,1
594233,0
251197,0
258960,0
459337,0
394143,1
127249,1
260685,0
663275,1
214253,2
867366,2
945551,0
645258,2
884163,0
906578,0
774690,1
478182,2
503979,1
477912,0
161608,0
836094,0
569115,2
414383,1
606487,1
454868,0
776346,2
699112,0
469955,1
316299,2
672266,1
427565,1
974077,0
296748,2
692224,2
155018,0
787168,0
40939,2
592049,1
643870,2
26190,2
299327,2
915530,1
318741,1
83872,0
643946,0
480733,0
915804,1
837216,1
830046,0
721335,2
887195,1
623526,0
655589,2
808174,0
562073,0
317604,2
460651,2
846273,0
736310,1
943158,1
94783,1
920922,2
482571,1
622284,0
443404,2
790650,1
39299,2
170506,1
867203,2
795867,0
692544,2
128536,1
59129,1
179582,2
838989,0
290976,2
495999,2
774811,2
140565,0
509942,2
807655,2
21594,2
270337,0
144051,1
387395,2
31212,0
165269,1
491410,1
793442,1
175788,2
679346,1
292291,1
928424,0
356563,1
39467,1
453745,0
760380,1
131395,2
964607,0
738368,1
491742,0
660542,0
955961,2
331852,0
833312,1
498408,2
938539,1
227614,1
96567,1
526039,0
171206,1
263018,2
261735,1
367591,0
765688,2
98778,0
755089,1
214229,0
462904,0
439862,0
467778,0
685029,2
753273,1
817175,1
632654,1
149823,0
504186,0
630666,0
30431,2
354467,0
275281,2
488576,0
854057,2
123030,0
916138,1
89368,1
803941,2
3789,2
156350,0
603989,2
10786,1
732809,1
640776,2
194397,0
728599,1
929034,1
84028,1
246623,1
193198,0
787213,0
653067,2
93580,2
300810,2
580246,0
293110,2
744980,0
831085,1
473817,0
868605,2
481665,0
725081,2
751021,0
337415,0
54760,1
117649,0
978973,1
702714,1
190043,2
497700,0
877183,0
299742,2
773444,0
581518,2
49925,1
572900,2
811875,1
417205,2
907519,1
190246,2
728262,2
119690,0
171135,1
988991,2
93043,0
563548,0
628149,0
517331,0
520981,1
878301,2
930517,0
902252,1
340413,1
532403,0
564016,1
490425,2
972585,0
577929,2
798551,0
435938,0
471136,1
828104,1
5337,2
906299,2
215161,2
824167,1
901901,2
455463,1
206563,0
421187,0
158781,1
943064,0
743783,0
482866,2
392300,0
243433,0
121099,1
85701,1
11057,0
886136,2
300803,2
285841,2
503016,0
648125,0
112753,1
161385,2
305470,0
397107,1
614437,1
484052,0
456881,0
878797,2
588411,1
639967,1
436317,0
297203,2
953662,2
657387,2
401792,2
453336,1
696647,2
827821,1
181829,2
562982,1
74712,1
864450,0
966989,1
449048,0
254117,1
122464,0
413991,2
567767,0
809629,1
742331,2
227863,1
559322,0
346428,2
180120,1
18296,2
878278,0
292220,2
658558,0
514672,2
5926,2
174467,2
593148,1
12622,1
363389,0
999330,0
508278,1
904739,0
539346,0
967275,1
859836,2
228942,0
451582,0
924673,1
713134,2
932969,1
176946,2
68720,0
293174,0
339649,2
144229,1
800625,0
199947,0
810951,1
729741,1
870859,2
678570,2
775939,2
406398,0
920941,1
921980,2
914334,2
309332,2
29419,2
328316,2
185884,1
661738,1
30547,0
158270,0
908730,1
30094,0
137342,0
428766,0
534777,0
772420,2
658093,2
174862,2
151688,1
399889,0
23182,1
617720,2
37087,1
613445,0
169280,0
646982,2
623765,1
788832,0
636154,1
843940,2
99782,2
468343,1
462201,1
542927,0
934998,0
810465,0
389138,0
260337,2
866924,1
907970,0
921417,1
970480,2
430808,2
870431,0
279460,2
392572,0
332540,1
810953,0
602948,1
998280,2
356786,0
943748,2
319689,0
501195,1
516954,1
237667,1
805136,2
470338,2
167353,1
451864,0
312802,0
655749,2
503497,2
408332,2
224667,0
199407,2
749109,2
760154,2
999666,0
277329,0
978292,2
235783,2
604913,2
225130,1
884583,2
244318,0
833985,0
343608,0
643274,2
341655,0
365797,0
897261,0
931899,2
712111,2
543213,1
927510,0
485768,0
825497,0
636859,0
748386,2
909798,1
207648,1
508007,0
713424,0
117210,2
650836,1
121849,1
903043,1
211930,1
498783,2
209134,0
855993,0
982116,1
672101,2
497141,2
721065,2
870389,2
983811,0
956125,2
995628,2
585946,2
974377,2
918992,0
767855,2
162534,0
446072,0
302879,1
371162,0
587725,0
246749,2
236230,2
965669,0
364544,2
634728,2
447707,0
596854,1
285628,1
788150,2
862620,2
685034,1
413191,0
341116,2
217709,1
633108,1
549166,2
43110,2
812101,1
85923,0
463202,0
675631,2
380611,0
751062,2
996563,1
331655,1
539844,0
623104,0
282538,1
261743,0
14034,0
943632,2
884088,0
76350,2
794994,1
22895,1
63810,0
500442,1
58904,0
916452,0
555943,1
14794,1
564777,2
424319,0
809379,1
980890,1
368379,1
297663,2
171024,0
993583,1
119048,0
891615,0
164059,0
915090,2
383247,0
160579,0
680613,2
102971,0
592790,1
346067,0
148818,1
100754,1
69567,1
550799,2
673430,0
783166,1
469744,1
825331,2
479494,0
921185,2
206204,2
979129,1
502425,2
753003,0
998955,2
721431,0
76567,1
950939,1
700662,2
284792,1
334579,2
881782,2
628220,0
522606,2
332939,0
213353,0
284874,1
688080,2
505650,0
371985,1
9502,2
166903,0
608278,1
125493,0
16114,0
706500,1
904667,2
566544,2
196851,0
422994,1
589088,2
812021,2
840621,1
137684,1
826215,1
579937,0
790433,2
796444,2
381855,0
713492,0
666756,2
812548,1
796999,0
778020,2
503636,0
135872,1
166682,2
442733,0
732920,2
304968,1
167713,0
89571,2
664135,0
287344,2
653613,0
811920,2
746933,1
199760,0
506358,1
484642,1
422749,1
950541,1
151384,0
280669,2
357468,2
95209,2
129162,0
363161,0
580852,0
912803,2
354808,0
109728,2
979546,1
579311,0
417363,1
456824,0
586219,2
420199,1
902075,0
304330,2
611523,0
710573,0
621755,2
535301,1
699548,0
379592,1
488464,0
211630,1
70601,1
165886,0
145174,2
407881,0
17497,2
938236,1
48633,2
412157,1
244008,1
208697,1
377713,1
341251,1
37888,0
641712,2
804841,0
782500,1
945430,2
558749,0
770126,0
222084,1
920293,0
821063,2
719473,1
307882,2
481041,1
136831,0
535409,2
903100,2
899411,2
588479,0
446906,2
690874,1
898323,2
972772,2
722315,1
658297,2
277384,0
284642,0
389462,0
883593,2
44892,2
163572,0
188334,0
77383,1
16454,1
186588,2
366805,2
972141,0
579102,0
815500,1
636370,0
983220,1
223958,2
982958,0
139034,2
401045,0
735779,1
926498,2
739700,1
630658,2
604270,1
232613,1
302446,0
337452,0
862257,1
875167,1
238079,1
199960,1
416893,0
682654,2
732815,1
78413,0
530441,2
866821,0
810614,2
150088,2
643098,2
189694,0
297473,0
877375,0
349206,0
782266,1
111295,0
704541,0
151645,0
95122,1
763221,2
192066,1
417879,0
77061,1
917323,1
590428,2
414386,0
285021,2
725013,2
253801,2
543904,0
9765,1
968930,0
323743,1
797376,2
624839,1
133086,0
238825,1
494508,0
402675,2
338821,1
28390,2
763675,1
306598,1
404761,1
961680,0
894740,0
963369,1
744530,0
41863,1
42748,1
512150,1
107640,2
734588,0
445234,2
692670,2
829465,2
676875,1
430149,1
881751,1
614973,1
255088,1
720331,2
553044,1
213471,1
430294,1
661641,2
362660,0
454168,2
235150,1
83635,1
562826,2
238999,2
469649,1
511760,0
666023,2
325939,2
871441,1
756470,0
573081,2
856258,0
623261,1
43719,2
217590,2
225108,2
181830,1
478813,2
685488,2
851761,0
472854,0
697565,1
231389,2
586726,1
805140,1
666170,1
363649,0
958020,2
456056,0
19306,2
248790,0
328942,0
700786,1
983242,2
585379,0
323161,0
265354,0
758704,0
944503,0
768814,1
335975,2
395349,2
106639,2
971068,0
737383,1
348701,2
719452,0
939083,2
716111,0
687748,0
79956,1
853151,2
587373,2
564486,0
622356,0
697419,2
707050,0
979762,2
31067,2
957611,0
167827,0
30449,2
13510,1
986631,0
234763,0
724526,1
42843,2
163939,0
12771,1
401445,2
335379,1
329320,0
316049,2
155211,0
770194,2
920412,0
642076,1
277015,2
594110,2
907126,1
886597,0
117645,0
216032,1
458604,0
380273,0
360400,2
573507,1
661061,1
217615,0
883768,0
913073,1
407600,2
348028,0
668730,0
206833,0
181577,1
7559,1
961603,0
22576,0
35346,0
359635,2
138503,1
399,1
658262,0
363856,1
233663,2
582737,2
925281,2
535289,0
610586,2
266557,2
459655,2
624196,0
798089,2
842419,2
445898,1
97425,2
647352,0
579520,1
779989,0
956753,0
103619,1
512977,1
846744,1
988377,1
166763,1
699157,1
296691,1
863904,2
536021,2
924401,2
12587,2
989722,0
386885,0
391344,2
457309,2
830091,0
547195,1
613057,2
430840,0
899145,1
376341,1
165960,1
524405,2
99271,2
33726,0
153976,0
922636,1
675222,1
28157,0
933080,2
904004,1
551151,0
739941,1
759519,0
915919,1
628024,1
216688,2
238314,0
891834,0
490299,1
554934,1
136147,1
140180,2
439069,2
158701,1
443326,2
685874,0
983937,1
480351,2
716170,2
569364,0
71538,1
38335,1
345980,0
556038,1
60107,2
338705,1
4696,1
251374,1
638334,2
257105,0
459811,1
487542,0
906501,1
219631,1
297127,1
202234,0
654438,2
579012,0
276308,2
601393,2
115163,0
861250,0
650186,2
257199,2
208186,1
544141,0
237472,2
8301,2
482997,2
632727,1
159381,1
507893,0
675350,2
332051,1
831727,1
171758,0
676478,0
572999,2
107134,2
283381,1
517604,0
217317,1
120329,0
915955,1
622945,1
831425,1
412245,1
840994,1
764206,1
367227,2
577319,0
76837,2
582347,0
222293,0
457976,0
623507,2
852821,0
8079,2
480487,0
845415,1
670121,1
420275,2
563634,2
921316,1
515909,1
461312,2
131980,2
166549,2
968421,0
743288,1
369600,1
751090,2
234453,2
23309,1
127123,0
124465,1
487895,0
758517,0
888530,2
337169,2
322299,0
291045,0
629286,2
262038,0
397940,2
876683,2
81133,1
719705,2
511447,2
200813,0
991596,2
926376,0
728269,2
940084,1
670807,0
871663,2
866787,2
968371,2
494179,0
710882,0
529607,1
479075,2
436525,1
106914,0
139878,1
127086,0
157302,2
41733,1
489120,1
803403,2
294866,2
336719,2
984571,1
480571,2
32345,0
356033,2
280272,2
352850,1
580217,0
311689,0
862738,1
909238,0
773901,0
795338,1
801595,1
71277,1
928373,0
520989,2
618670,1
990518,0
701567,0
697029,2
432085,0
736108,2
101604,1
552213,2
289688,1
591862,2
529958,2
209334,1
171189,0
250362,2
724443,0
113551,0
58587,0
996282,0
400038,0
508878,0
401437,2
63754,0
246729,1
677400,1
802988,0
580340,0
922840,1
312951,2
935372,2
275078,2
554226,1
864477,0
184429,2
42636,2
466113,0
484194,0
38528,2
452149,1
861734,0
868616,1
79378,0
866881,2
465637,1
50994,1
608321,1
691646,2
896030,0
611893,0
173194,2
671468,1
401177,1
661860,0
290065,0
735440,2
387757,2
538640,1
64511,2
909475,0
732297,1
755224,0
15499,1
96063,1
227137,2
285265,0
618424,2
594815,0
110365,0
248418,0
408345,1
568190,0
991115,0
244987,1
305674,1
771013,1
201909,2
885009,1
390347,0
299839,1
158191,2
303293,1
25929,0
263979,0
372159,0
242899,1
238450,2
36585,2
510745,1
879712,0
399856,2
394680,1
993745,2
668570,2
74569,1
137095,1
966822,0
834378,2
181994,2
764553,2
157485,2
915343,1
227146,2
206993,2
566886,1
812173,2
155252,1
598753,1
365939,0
957237,2
327500,2
866430,2
602396,0
782168,2
63558,0
910601,0
414063,0
875908,0
395579,1
60284,0
781874,0
434733,0
439672,2
635079,1
96111,1
259953,2
221564,0
498933,1
119229,1
626460,2
256342,1
630036,0
242211,0
207930,2
767374,2
947932,0
734784,0
731899,1
24207,0
223032,2
314587,0
390376,0
576020,0
742582,0
930602,2
948654,2
178419,0
610954,0
306100,2
401306,1
890167,1
329164,0
386527,0
252114,0
4858,1
691397,1
916579,0
937908,2
395747,1
914347,2
572368,1
378895,0
971684,0
19254,2
476082,0
669261,1
673033,0
847609,2
48042,2
105005,2
707745,0
756031,1
293090,2
372191,2
679293,0
15633,0
449328,0
732186,1
290088,1
809080,1
451462,0
172622,1
843350,1
921611,2
919570,2
453180,2
693387,2
41258,0
181284,0
447589,0
874862,1
847128,2
75258,2
814316,1
821022,2
371673,0
61172,2
58548,1
45903,1
268611,1
875235,2
213959,1
105302,0
708968,2
301815,2
808740,1
155282,1
796825,2
168435,0
560217,1
693241,0
264047,2
371188,2
241382,2
473768,0
686026,0
546924,2
209178,1
809449,0
631376,2
677489,0
889516,0
413281,1
133207,1
286048,1
591758,0
106246,2
462966,0
638916,0
323553,2
715019,2
392648,1
967025,1
551421,1
970718,0
236219,0
64431,0
411033,1
385936,2
201712,1
281655,0
903455,1
328219,1
248119,2
791317,1
243950,2
932616,0
50473,0
620273,0
562523,1
294301,1
191655,2
306187,0
451415,0
898488,1
615308,1
265253,1
453914,2
557256,1
512138,0
195113,0
614981,1
229305,2
216532,1
332061,0
152482,2
787361,1
407183,1
400510,0
389553,1
461457,1
600182,2
946461,0
2771,0
524397,2
174043,2
188243,1
224063,2
68800,1
511775,1
178172,1
57640,0
435574,1
677718,1
531798,2
258270,2
169444,2
278361,2
808734,0
308904,1
623204,2
36614,1
708012,0
888905,0
104961,0
50881,2
465445,2
655823,0
426002,1
863102,2
634392,2
545453,2
613858,1
671364,0
111396,1
281890,0
831218,0
577456,0
405097,1
247913,2
75529,2
747428,1
557328,0
463896,1
804062,1
72602,0
402544,1
67267,0
294132,0
677472,2
435420,1
925869,0
318474,0
29094,1
310180,0
90279,1
930339,0
392020,2
932425,2
32841,0
564207,2
409464,2
355058,0
826563,1
549790,2
607032,1
611530,0
597666,1
713643,0
777587,0
558417,2
114512,0
857726,2
350118,2
870162,1
543014,1
941525,2
117212,1
242874,0
483711,1
192097,1
351311,0
838876,0
881138,1
516271,2
390153,2
723081,0
891751,2
545938,2
533339,0
291437,0
10620,1
758434,1
759838,1
238677,0
768035,1
40264,0
172312,2
224808,1
388941,2
57388,1
510342,1
106126,2
932643,1
948100,0
447240,1
5322,1
106259,1
636753,1
511148,2
613798,2
125883,2
229170,0
796648,1
134080,1
483206,2
484779,0
15212,1
925775,2
71027,2
370618,2
314171,0
106745,0
269807,0
484645,1
462535,2
438023,1
522804,2
850928,2
525345,2
507334,2
851993,2
831013,2
949577,0
390269,1
459048,1
304128,0
820820,2
302417,0
255837,2
779128,0
693218,0
134806,2
652335,2
301494,2
64656,2
846777,0
834099,2
541217,0
672377,1
875849,0
131800,0
576078,2
875609,1
401890,1
978075,0
890769,1
955943,0
595360,2
578117,1
455420,0
806656,2
758522,2
833373,2
900092,0
210227,0
772073,2
511302,2
359864,1
661461,1
938369,1
30455,0
823076,1
220340,2
583860,1
998555,1
168981,0
644498,2
733446,0
464520,2
197995,1
75837,0
238439,1
834803,2
516079,2
165224,2
882773,2
144683,1
836340,1
835868,1
774804,1
597826,0
990167,1
441040,0
846661,1
457009,0
271450,0
904167,2
290458,2
613589,2
841481,0
198678,0
569346,0
889438,0
643486,1
207509,1
470983,0
873454,1
287148,0
864643,1
357372,0
97077,2
490360,0
162817,1
558884,1
477966,0
290836,0
972684,1
506116,1
218691,2
818513,0
918708,2
917125,1
204863,1
838564,2
216124,2
793719,0
357184,1
322058,1
750180,2
26464,1
180108,1
47346,2
75131,1
123502,2
465225,1
347555,0
554573,2
111632,2
947713,1
464900,2
82448,1
496744,2
924553,2
477368,1
805057,0
409853,1
125824,2
181641,1
92857,2
17790,0
330576,2
366082,1
725144,2
881271,2
768111,0
786757,2
130835,2
781221,2
202407,0
3561,1
194182,1
887805,2
818742,1
657034,1
804687,0
764673,2
650436,0
453658,0
452338,1
457587,0
470567,1
156020,0
418241,1
897624,2
91441,2
521338,1
161282,0
255146,0
72740,1
692881,0
843491,2
986219,0
207799,2
893088,2
591393,1
544096,0
347513,2
284159,0
139169,1
779636,1
713916,0
530056,0
706896,2
474026,0
743850,0
637920,2
413492,2
564700,0
530187,1
290844,1
648701,0
826873,0
716958,1
128503,0
991948,1
893691,2
191690,1
544603,2
904568,2
299407,2
256978,0
430839,2
97054,2
487368,1
430759,0
100057,0
524109,1
157008,0
818813,1
84020,0
676649,2
294859,2
336725,0
503173,2
862032,2
362007,1
236402,1
25533,0
264416,1
943633,2
555263,2
613369,0
591280,0
685635,0
551966,2
683700,0
450595,2
230686,1
357997,0
267026,1
760253,0
85322,1
64149,0
163383,2
205217,0
907078,0
758511,1
376932,1
588788,2
908501,0
4149,1
391161,2
946313,2
121661,0
523529,2
73999,2
274198,0
539640,2
820299,0
190589,1
149161,2
557419,1
554007,0
904536,1
584867,0
517482,0
747023,1
926428,2
330839,0
694753,2
111764,2
330142,1
740045,1
983933,1
767652,2
94275,0
237281,2
532174,0
520531,0
827987,0
673553,2
144470,1
930308,0
863590,0
613914,0
775940,2
974405,2
901814,0
156300,1
929315,2
457485,0
346626,0
744458,2
802105,1
779955,1
881665,2
735126,2
560399,2
426989,1
569412,0
926801,1
941068,2
355484,1
769243,1
891684,2
951605,1
904501,2
742905,2
909445,2
162464,1
660666,0
949527,2
492116,1
599769,0
868773,1
508758,1
134480,0
726338,0
63048,1
762353,2
975370,2
82430,0
27682,1
295077,0
193506,1
160849,1
182601,1
537878,2
721782,0
277017,2
616121,2
516652,1
58572,2
670539,0
249267,1
795507,1
325138,0
492126,2
371513,1
523951,1
983786,2
192986,1
475522,0
742748,2
477768,2
662721,2
59180,1
557709,0
270833,1
640598,0
802582,1
521644,2
303455,0
756836,0
706915,0
351535,2
87526,2
40563,1
307713,1
253340,0
695058,1
697972,2
449770,0
526696,1
203205,1
908634,1
890321,1
171408,1
31336,2
246871,0
818488,2
168154,1
751350,0
592813,0
306157,2
103819,2
150646,0
335692,0
665586,2
916149,0
554000,2
998308,2
475490,1
437813,2
65704,0
42366,1
635017,0
756080,1
36296,2
982779,2
490682,0
566799,1
777047,1
917999,1
64917,0
618497,0
613077,1
845703,0
556904,1
238619,1
26107,2
204155,0
360159,1
988243,1
346395,0
974827,2
650292,1
675207,2
741124,2
158451,2
236909,0
26252,1
377289,0
248832,2
533178,1
752830,0
399035,1
687722,1
833769,2
736952,2
103469,0
910761,2
834439,2
251649,1
990061,0
563909,0
994975,2
903081,0
9164,2
964209,1
977820,1
469160,2
387814,1
157919,0
432931,1
981857,2
582422,2
485752,0
659366,1
8084,1
484132,1
532388,1
725311,2
621356,2
219955,2
393078,0
18742,0
990580,0
979660,0
288134,1
583727,1
940286,2
407286,1
912862,0
388313,1
534117,0
506837,0
622862,1
52499,0
780491,1
674737,2
955815,0
756321,1
801886,0
623239,0
552244,1
589644,1
693244,2
436130,0
507147,2
986873,2
782570,0
120327,0
871916,2
338496,0
38868,0
299359,0
87970,0
277609,2
406165,0
976398,0
881057,1
107682,1
928769,1
172814,1
684678,1
629613,1
280949,0
960601,2
819574,0
385200,0
190150,0
507683,1
929683,0
319717,1
441026,2
439397,2
68868,2
559028,2
382208,1
75388,2
950460,2
91403,2
614403,0
883255,0
861118,0
311591,2
251953,1
8605,2
748001,0
827483,1
809869,1
454106,0
733124,0
701342,0
123072,0
353084,1
87731,2
730769,0
123524,1
802897,0
504319,0
492586,0
294922,0
132581,2
986790,0
950458,2
459808,2
41564,1
189958,2
377658,2
892207,0
901168,0
496526,1
690111,2
442262,1
137347,1
200328,0
483409,1
96144,1
27556,2
755179,0
988562,1
494463,2
574418,1
315324,0
682466,0
128334,2
847006,0
828568,2
468949,2
414682,0
12459,0
693878,1
799976,2
197706,1
809555,0
278224,1
28609,1
231552,2
131444,1
645311,0
733974,0
515655,1
916813,0
546269,1
565457,2
825788,1
950119,0
609262,2
698648,1
92149,0
701012,2
371249,2
16056,0
925837,2
24080,0
135054,1
657352,2
716033,2
903745,1
373892,0
204546,2
231828,0
507979,1
105765,1
761390,0
669322,0
336338,0
902028,1
975558,2
624635,0
658544,1
589996,1
205174,2
250954,2
134544,0
570718,1
961985,2
605123,0
400632,0
698335,0
919580,2
349669,0
376,0
315793,2
25852,0
365200,0
539762,0
988220,0
159112,1
180880,0
212375,1
625672,2
582306,2
171368,1
388491,0
284813,0
663238,2
651669,1
238797,0
518891,1
635448,0
72810,1
965588,1
829738,0
348710,0
46334,1
687,0
290309,2
785384,2
583885,2
125371,1
102468,2
855807,0
597403,2
414740,0
171225,2
487779,2
732150,2
7488,0
293211,0
9058,2
751792,2
919318,0
751686,0
226971,1
923428,1
70764,0
535144,1
566645,1
858589,2
15882,1
411242,0
317845,1
372117,1
937107,1
238331,2
808666,2
726337,1
259876,2
297836,1
56854,0
972995,2
470748,1
162355,1
866952,0
831598,1
392513,0
51486,2
99774,0
148696,2
727586,1
260817,2
996818,1
195570,1
427662,1
19573,1
302418,2
594265,1
74619,2
737102,1
749366,0
274464,0
344984,0
115459,1
849819,1
24515,1
705844,1
666210,0
151441,0
338456,1
407446,2
778079,0
789065,2
12325,0
407681,0
150295,2
300590,2
120815,0
871031,2
833471,1
183677,2
439445,2
206033,2
427825,1
476040,2
667090,2
377571,0
579525,1
58856,1
527983,2
637268,1
384022,1
971832,2
469128,1
652000,1
459027,2
529302,0
655769,2
573094,0
417534,2
130864,1
56782,1
15024,1
945217,1
840206,1
326084,1
578477,2
919022,1
833168,2
221151,2
157667,0
692052,0
325660,2
201539,0
120553,1
373908,2
3209,0
186976,2
172426,0
892942,1
639804,0
289253,2
920780,2
643650,1
618057,2
815552,2
942045,1
680773,1
799245,1
478975,1
568428,1
116309,2
8071,0
245438,1
251971,1
16098,0
188895,1
56039,0
637079,2
456604,0
878010,2
598101,0
476725,2
514533,2
582928,1
23103,1
661747,1
851808,0
262419,0
524521,2
516210,0
204758,2
341728,2
899745,2
893376,1
742381,0
425358,1
475074,0
147365,2
123219,1
982399,1
625167,0
47029,0
291642,0
134420,1
698755,0
785287,0
874157,0
270121,0
920075,0
620416,1
193755,1
237001,1
854452,0
698501,1
779487,0
240847,2
482475,2
739971,1
637672,0
257606,1
839426,1
778390,1
438747,0
596320,0
626556,0
122902,0
220465,0
152753,2
454834,0
181639,2
474069,0
582888,2
455981,2
844726,2
582795,1
524724,1
794439,1
181920,2
423860,1
719612,0
78553,2
727897,1
462363,2
101612,1
364509,0
343048,0
478151,1
388913,0
653958,2
301331,1
216293,1
882368,1
200679,2
668722,0
68003,2
992280,0
644347,2
945732,2
554247,1
517973,1
207037,1
594339,2
287623,1
489538,1
995294,2
401647,2
502242,1
897783,2
694995,2
984812,0
14046,1
393784,0
480265,2
645425,0
568902,2
28091,2
415130,2
441005,2
906136,1
890956,0
19008,0
697585,0
59313,1
859531,1
915112,2
768985,1
476387,0
524043,1
58782,2
586166,1
13806,2
672008,1
143603,0
782609,2
661606,2
814093,1
803329,0
161960,2
19762,0
880622,0
805096,2
927164,0
700015,2
249815,2
821229,2
849360,1
113409,1
702183,2
48587,0
265122,0
452810,2
461266,2
971419,0
503674,2
937556,1
419113,1
567069,1
516489,1
192410,0
554779,0
385715,1
827052,0
735536,1
586678,2
858128,1
300716,1
572331,1
314442,0
998990,1
57533,1
241787,1
141916,2
716002,1
192159,0
486846,1
730615,2
800363,1
942696,2
440083,1
940017,2
134422,0
346976,1
793521,1
92649,1
137020,0
233297,1
989232,0
174715,0
676867,1
272913,1
389193,1
763257,1
658684,1
351496,1
633996,2
794221,0
556544,2
327811,1
197422,0
586695,1
31653,2
299433,0
76184,2
515531,0
103588,1
439892,1
137453,0
136010,0
380459,2
641480,1
964054,0
579764,0
523921,2
270446,2
711913,0
224330,0
808382,2
204380,1
946450,0
576863,0
327820,2
172081,1
665210,0
505884,0
352059,2
175903,1
140269,2
857553,0
417992,1
578327,1
566338,2
15276,2
423006,0
386693,2
869453,2
175149,0
743714,1
785985,2
401486,1
369059,2
405221,1
621757,1
996150,1
467257,1
28445,2
732351,0
818749,1
246123,1
846104,2
902652,1
364543,1
399543,0
420959,0
384058,0
734867,0
466059,0
464674,1
513259,1
5033,1
202179,2
527156,2
213170,2
926674,2
371307,0
548931,1
958787,2
710493,1
533334,1
303919,1
933216,2
589009,1
306928,0
259420,1
764890,2
80295,1
648917,2
610904,0
868114,0
850971,2
180030,0
24190,1
822064,2
542241,2
39677,2
68161,1
809577,0
634183,0
872570,0
470607,0
682513,0
797887,0
791061,2
928921,0
315981,0
178739,0
807321,2
731732,2
109552,2
860678,0
950154,1
731998,2
378024,0
646120,1
261269,2
513599,2
808346,1
411890,0
993572,0
361957,1
228843,2
932796,1
813322,2
432926,2
163979,1
550420,2
690343,2
60680,0
137642,1
244717,1
837522,2
497960,0
818633,0
937235,0
546441,0
291026,0
94997,0
729104,2
8210,0
460585,2
338708,2
204774,1
442651,1
242478,1
710096,0
695942,0
20108,0
800882,0
82822,1
133269,1
511538,0
258864,0
291782,1
23853,0
78570,1
730276,1
559231,1
309346,0
792232,1
629084,2
552013,2
972486,1
800805,0
971415,0
255733,1
140716,0
690695,2
641368,1
337837,2
823141,1
354394,1
877540,1
25346,0
70167,2
776259,2
828443,1
214937,2
702650,2
326744,0
251713,1
271629,0
539486,0
210404,0
634567,2
932865,1
6663,0
574898,0
260814,1
44834,1
438527,2
295779,0
700230,1
163629,2
371369,1
831615,0
10557,2
612768,1
895829,1
266530,1
596008,1
644165,2
396590,0
745383,2
527231,0
75298,2
701515,0
699930,2
947634,1
669929,0
275733,0
533555,1
173309,1
382607,1
650618,0
351101,0
812118,1
402797,1
247290,0
407695,1
723102,2
498798,0
263355,0
699333,0
155551,2
369912,2
567120,2
705737,0
510596,0
414770,1
656579,1
368972,1
7409,2
580484,1
718571,2
465139,1
676565,0
595095,1
868733,1
821097,1
507356,2
837166,1
140179,0
627990,2
27826,0
783394,0
831884,2
460867,1
612823,2
181379,1
364577,0
447351,1
328772,1
540369,0
71719,1
464525,2
428186,2
608235,0
978674,0
875484,0
646138,2
393446,2
196232,1
449581,0
964624,0
373441,0
83201,1
78916,2
533198,2
572184,0
724299,2
140995,0
786915,0
717460,0
855790,1
254647,0
19068,2
907595,0
907470,1
71751,2
311253,1
4355,2
271777,2
516536,2
894536,2
287838,0
271001,2
487372,1
480333,0
159848,1
956635,1
553423,0
301339,2
10082,1
315448,0
456165,2
769962,0
143072,0
988933,0
628510,1
69499,1
520304,1
378817,2
157907,2
37602,1
347434,2
893371,2
471488,2
565850,1
574519,1
378969,2
789577,1
725554,0
582125,0
386812,1
65232,0
83356,1
829083,1
780311,2
501428,2
792398,0
453735,0
343064,1
725473,1
808268,1
630432,0
917926,0
379470,1
211928,0
12736,1
234535,1
715436,2
137112,1
553690,0
60745,1
489181,1
960873,1
877744,1
945406,2
747066,0
272034,1
102449,2
775168,0
10879,2
67343,0
395759,0
321464,2
515571,2
875756,2
496225,1
240465,0
252072,0
422620,0
607881,2
617917,1
509374,1
182220,1
693951,0
811311,1
872988,0
651280,0
145283,1
2982,2
583084,2
796464,2
148183,1
239032,1
571112,0
41874,0
